<?xml version="1.0" encoding="UTF-8" standalone="no"?><font-metrics metrics-version="2" type="TYPE0"><font-name>Helios-Bold</font-name><full-name>Helios Bold</full-name><family-name>Helios</family-name><embed/><cap-height>718</cap-height><x-height>532</x-height><ascender>783</ascender><descender>217</descender><bbox><left>-33</left><bottom>-217</bottom><right>1117</right><top>928</top></bbox><flags>33</flags><stemv>0</stemv><italicangle>0</italicangle><subtype>TYPE0</subtype><multibyte-extras><cid-type>CIDFontType2</cid-type><default-width>0</default-width><bfranges><bf gi="3" ue="126" us="32"/><bf gi="107" ue="142" us="141"/><bf gi="119" ue="255" us="160"/><bf gi="99" ue="402" us="402"/><bf gi="104" ue="710" us="710"/><bf gi="116" ue="732" us="732"/><bf gi="127" ue="1025" us="1025"/><bf gi="129" ue="1028" us="1028"/><bf gi="148" ue="1029" us="1029"/><bf gi="137" ue="1030" us="1030"/><bf gi="134" ue="1031" us="1031"/><bf gi="122" ue="1032" us="1032"/><bf gi="108" ue="1035" us="1035"/><bf gi="107" ue="1036" us="1036"/><bf gi="120" ue="1038" us="1038"/><bf gi="151" ue="1103" us="1040"/><bf gi="143" ue="1105" us="1105"/><bf gi="145" ue="1108" us="1108"/><bf gi="149" ue="1109" us="1109"/><bf gi="138" ue="1110" us="1110"/><bf gi="150" ue="1111" us="1111"/><bf gi="147" ue="1112" us="1112"/><bf gi="121" ue="1118" us="1118"/><bf gi="124" ue="1168" us="1168"/><bf gi="139" ue="1169" us="1169"/><bf gi="114" ue="8212" us="8211"/><bf gi="109" ue="8217" us="8216"/><bf gi="98" ue="8218" us="8218"/><bf gi="111" ue="8221" us="8220"/><bf gi="100" ue="8222" us="8222"/><bf gi="102" ue="8225" us="8224"/><bf gi="113" ue="8226" us="8226"/><bf gi="101" ue="8230" us="8230"/><bf gi="105" ue="8240" us="8240"/><bf gi="106" ue="8249" us="8249"/><bf gi="118" ue="8250" us="8250"/><bf gi="144" ue="8470" us="8470"/><bf gi="117" ue="8482" us="8482"/><bf gi="142" ue="8729" us="8729"/><bf gi="0" ue="65535" us="65535"/></bfranges><cid-widths start-index="0"><wx w="783"/><wx w="0"/><wx w="278"/><wx w="278"/><wx w="333"/><wx w="474"/><wx w="556"/><wx w="556"/><wx w="889"/><wx w="722"/><wx w="238"/><wx w="333"/><wx w="333"/><wx w="389"/><wx w="584"/><wx w="278"/><wx w="584"/><wx w="278"/><wx w="278"/><wx w="556"/><wx w="556"/><wx w="556"/><wx w="556"/><wx w="556"/><wx w="556"/><wx w="556"/><wx w="556"/><wx w="556"/><wx w="556"/><wx w="333"/><wx w="333"/><wx w="584"/><wx w="584"/><wx w="584"/><wx w="611"/><wx w="975"/><wx w="722"/><wx w="722"/><wx w="722"/><wx w="722"/><wx w="667"/><wx w="611"/><wx w="778"/><wx w="722"/><wx w="278"/><wx w="556"/><wx w="722"/><wx w="611"/><wx w="833"/><wx w="722"/><wx w="778"/><wx w="667"/><wx w="778"/><wx w="722"/><wx w="667"/><wx w="611"/><wx w="722"/><wx w="667"/><wx w="944"/><wx w="667"/><wx w="667"/><wx w="611"/><wx w="333"/><wx w="278"/><wx w="333"/><wx w="584"/><wx w="556"/><wx w="333"/><wx w="556"/><wx w="611"/><wx w="556"/><wx w="611"/><wx w="556"/><wx w="333"/><wx w="611"/><wx w="611"/><wx w="278"/><wx w="278"/><wx w="556"/><wx w="278"/><wx w="889"/><wx w="611"/><wx w="611"/><wx w="611"/><wx w="611"/><wx w="389"/><wx w="556"/><wx w="333"/><wx w="611"/><wx w="556"/><wx w="778"/><wx w="556"/><wx w="556"/><wx w="500"/><wx w="389"/><wx w="280"/><wx w="389"/><wx w="584"/><wx w="278"/><wx w="556"/><wx w="500"/><wx w="1000"/><wx w="556"/><wx w="556"/><wx w="333"/><wx w="1000"/><wx w="333"/><wx w="834"/><wx w="834"/><wx w="278"/><wx w="278"/><wx w="500"/><wx w="500"/><wx w="350"/><wx w="556"/><wx w="1000"/><wx w="333"/><wx w="1000"/><wx w="333"/><wx w="500"/><wx w="333"/><wx w="556"/><wx w="556"/><wx w="556"/><wx w="556"/><wx w="280"/><wx w="556"/><wx w="667"/><wx w="737"/><wx w="722"/><wx w="556"/><wx w="584"/><wx w="333"/><wx w="737"/><wx w="278"/><wx w="400"/><wx w="584"/><wx w="278"/><wx w="278"/><wx w="333"/><wx w="611"/><wx w="556"/><wx w="278"/><wx w="556"/><wx w="1176"/><wx w="556"/><wx w="556"/><wx w="584"/><wx w="584"/><wx w="1000"/><wx w="278"/><wx w="722"/><wx w="715"/><wx w="722"/><wx w="611"/><wx w="742"/><wx w="667"/><wx w="1029"/><wx w="667"/><wx w="722"/><wx w="722"/><wx w="722"/><wx w="716"/><wx w="833"/><wx w="722"/><wx w="778"/><wx w="722"/><wx w="667"/><wx w="722"/><wx w="611"/><wx w="701"/><wx w="889"/><wx w="667"/><wx w="742"/><wx w="702"/><wx w="972"/><wx w="991"/><wx w="770"/><wx w="1006"/><wx w="705"/><wx w="722"/><wx w="1000"/><wx w="722"/><wx w="556"/><wx w="611"/><wx w="565"/><wx w="444"/><wx w="631"/><wx w="556"/><wx w="809"/><wx w="556"/><wx w="622"/><wx w="628"/><wx w="556"/><wx w="611"/><wx w="757"/><wx w="611"/><wx w="611"/><wx w="611"/><wx w="611"/><wx w="556"/><wx w="494"/><wx w="556"/><wx w="885"/><wx w="556"/><wx w="622"/><wx w="603"/><wx w="889"/><wx w="910"/><wx w="600"/><wx w="819"/><wx w="570"/><wx w="556"/><wx w="833"/><wx w="564"/></cid-widths></multibyte-extras><kerning kpx1="1043"><pair kern="-130" kpx2="1077"/></kerning></font-metrics>