<?xml version="1.0" encoding="UTF-8" standalone="no"?><font-metrics metrics-version="2" type="TYPE0"><font-name>Helios-Italic</font-name><full-name>Helios Italic</full-name><family-name>Helios</family-name><embed/><cap-height>718</cap-height><x-height>523</x-height><ascender>780</ascender><descender>220</descender><bbox><left>-59</left><bottom>-220</bottom><right>1127</right><top>910</top></bbox><flags>33</flags><stemv>0</stemv><italicangle>0</italicangle><subtype>TYPE0</subtype><multibyte-extras><cid-type>CIDFontType2</cid-type><default-width>0</default-width><bfranges><bf gi="3" ue="126" us="32"/><bf gi="107" ue="143" us="141"/><bf gi="120" ue="255" us="160"/><bf gi="99" ue="402" us="402"/><bf gi="104" ue="710" us="710"/><bf gi="117" ue="732" us="732"/><bf gi="128" ue="1025" us="1025"/><bf gi="130" ue="1028" us="1028"/><bf gi="149" ue="1029" us="1029"/><bf gi="138" ue="1030" us="1030"/><bf gi="135" ue="1031" us="1031"/><bf gi="123" ue="1032" us="1032"/><bf gi="108" ue="1035" us="1035"/><bf gi="107" ue="1036" us="1036"/><bf gi="121" ue="1038" us="1038"/><bf gi="109" ue="1039" us="1039"/><bf gi="152" ue="1103" us="1040"/><bf gi="144" ue="1105" us="1105"/><bf gi="146" ue="1108" us="1108"/><bf gi="150" ue="1109" us="1109"/><bf gi="139" ue="1110" us="1110"/><bf gi="151" ue="1111" us="1111"/><bf gi="148" ue="1112" us="1112"/><bf gi="122" ue="1118" us="1118"/><bf gi="125" ue="1168" us="1168"/><bf gi="140" ue="1169" us="1169"/><bf gi="115" ue="8212" us="8211"/><bf gi="110" ue="8217" us="8216"/><bf gi="98" ue="8218" us="8218"/><bf gi="112" ue="8221" us="8220"/><bf gi="100" ue="8222" us="8222"/><bf gi="102" ue="8225" us="8224"/><bf gi="114" ue="8226" us="8226"/><bf gi="101" ue="8230" us="8230"/><bf gi="105" ue="8240" us="8240"/><bf gi="106" ue="8249" us="8249"/><bf gi="119" ue="8250" us="8250"/><bf gi="145" ue="8470" us="8470"/><bf gi="118" ue="8482" us="8482"/><bf gi="143" ue="8729" us="8729"/><bf gi="0" ue="65535" us="65535"/></bfranges><cid-widths start-index="0"><wx w="780"/><wx w="0"/><wx w="278"/><wx w="278"/><wx w="278"/><wx w="355"/><wx w="556"/><wx w="556"/><wx w="889"/><wx w="667"/><wx w="191"/><wx w="333"/><wx w="333"/><wx w="389"/><wx w="584"/><wx w="278"/><wx w="584"/><wx w="278"/><wx w="278"/><wx w="556"/><wx w="556"/><wx w="556"/><wx w="556"/><wx w="556"/><wx w="556"/><wx w="556"/><wx w="556"/><wx w="556"/><wx w="556"/><wx w="278"/><wx w="278"/><wx w="584"/><wx w="584"/><wx w="584"/><wx w="556"/><wx w="1015"/><wx w="667"/><wx w="667"/><wx w="722"/><wx w="722"/><wx w="667"/><wx w="611"/><wx w="778"/><wx w="722"/><wx w="278"/><wx w="500"/><wx w="667"/><wx w="556"/><wx w="833"/><wx w="722"/><wx w="778"/><wx w="667"/><wx w="778"/><wx w="722"/><wx w="667"/><wx w="611"/><wx w="722"/><wx w="667"/><wx w="944"/><wx w="667"/><wx w="667"/><wx w="611"/><wx w="278"/><wx w="278"/><wx w="278"/><wx w="469"/><wx w="556"/><wx w="333"/><wx w="556"/><wx w="556"/><wx w="500"/><wx w="556"/><wx w="556"/><wx w="278"/><wx w="556"/><wx w="556"/><wx w="222"/><wx w="222"/><wx w="500"/><wx w="222"/><wx w="833"/><wx w="556"/><wx w="556"/><wx w="556"/><wx w="556"/><wx w="333"/><wx w="500"/><wx w="278"/><wx w="556"/><wx w="500"/><wx w="722"/><wx w="500"/><wx w="500"/><wx w="500"/><wx w="334"/><wx w="260"/><wx w="334"/><wx w="584"/><wx w="222"/><wx w="556"/><wx w="333"/><wx w="1000"/><wx w="556"/><wx w="556"/><wx w="333"/><wx w="1000"/><wx w="333"/><wx w="834"/><wx w="834"/><wx w="834"/><wx w="222"/><wx w="222"/><wx w="333"/><wx w="333"/><wx w="350"/><wx w="556"/><wx w="1000"/><wx w="333"/><wx w="1000"/><wx w="333"/><wx w="500"/><wx w="333"/><wx w="556"/><wx w="556"/><wx w="556"/><wx w="556"/><wx w="260"/><wx w="556"/><wx w="667"/><wx w="737"/><wx w="722"/><wx w="556"/><wx w="584"/><wx w="333"/><wx w="737"/><wx w="278"/><wx w="400"/><wx w="584"/><wx w="278"/><wx w="222"/><wx w="333"/><wx w="556"/><wx w="537"/><wx w="278"/><wx w="556"/><wx w="1111"/><wx w="500"/><wx w="556"/><wx w="584"/><wx w="584"/><wx w="834"/><wx w="278"/><wx w="667"/><wx w="667"/><wx w="667"/><wx w="556"/><wx w="711"/><wx w="667"/><wx w="999"/><wx w="667"/><wx w="722"/><wx w="722"/><wx w="667"/><wx w="694"/><wx w="833"/><wx w="722"/><wx w="778"/><wx w="722"/><wx w="667"/><wx w="722"/><wx w="611"/><wx w="660"/><wx w="833"/><wx w="667"/><wx w="730"/><wx w="690"/><wx w="975"/><wx w="975"/><wx w="722"/><wx w="886"/><wx w="667"/><wx w="722"/><wx w="985"/><wx w="715"/><wx w="556"/><wx w="564"/><wx w="540"/><wx w="415"/><wx w="569"/><wx w="556"/><wx w="726"/><wx w="500"/><wx w="556"/><wx w="572"/><wx w="500"/><wx w="566"/><wx w="704"/><wx w="556"/><wx w="556"/><wx w="556"/><wx w="556"/><wx w="500"/><wx w="452"/><wx w="500"/><wx w="823"/><wx w="500"/><wx w="569"/><wx w="545"/><wx w="833"/><wx w="853"/><wx w="570"/><wx w="722"/><wx w="509"/><wx w="500"/><wx w="754"/><wx w="524"/></cid-widths></multibyte-extras><kerning kpx1="1043"><pair kern="-150" kpx2="1077"/></kerning></font-metrics>