<?xml version="1.0" encoding="UTF-8" standalone="no"?><font-metrics metrics-version="2" type="TYPE0"><font-name>HeliosLight-Italic</font-name><full-name>HeliosLight Italic</full-name><family-name>HeliosLight</family-name><embed/><cap-height>720</cap-height><x-height>518</x-height><ascender>788</ascender><descender>212</descender><bbox><left>-37</left><bottom>-212</bottom><right>1101</right><top>929</top></bbox><flags>33</flags><stemv>0</stemv><italicangle>0</italicangle><subtype>TYPE0</subtype><multibyte-extras><cid-type>CIDFontType2</cid-type><default-width>0</default-width><bfranges><bf gi="3" ue="126" us="32"/><bf gi="117" ue="255" us="160"/><bf gi="99" ue="402" us="402"/><bf gi="104" ue="710" us="710"/><bf gi="114" ue="732" us="732"/><bf gi="125" ue="1025" us="1025"/><bf gi="127" ue="1028" us="1028"/><bf gi="146" ue="1029" us="1029"/><bf gi="135" ue="1030" us="1030"/><bf gi="132" ue="1031" us="1031"/><bf gi="120" ue="1032" us="1032"/><bf gi="118" ue="1038" us="1038"/><bf gi="149" ue="1103" us="1040"/><bf gi="141" ue="1105" us="1105"/><bf gi="143" ue="1108" us="1108"/><bf gi="147" ue="1109" us="1109"/><bf gi="136" ue="1110" us="1110"/><bf gi="148" ue="1111" us="1111"/><bf gi="145" ue="1112" us="1112"/><bf gi="119" ue="1118" us="1118"/><bf gi="122" ue="1168" us="1168"/><bf gi="137" ue="1169" us="1169"/><bf gi="112" ue="8212" us="8211"/><bf gi="107" ue="8217" us="8216"/><bf gi="98" ue="8218" us="8218"/><bf gi="109" ue="8221" us="8220"/><bf gi="100" ue="8222" us="8222"/><bf gi="102" ue="8225" us="8224"/><bf gi="111" ue="8226" us="8226"/><bf gi="101" ue="8230" us="8230"/><bf gi="105" ue="8240" us="8240"/><bf gi="106" ue="8249" us="8249"/><bf gi="116" ue="8250" us="8250"/><bf gi="142" ue="8470" us="8470"/><bf gi="115" ue="8482" us="8482"/><bf gi="140" ue="8729" us="8729"/><bf gi="0" ue="65535" us="65535"/></bfranges><cid-widths start-index="0"><wx w="788"/><wx w="0"/><wx w="278"/><wx w="278"/><wx w="333"/><wx w="278"/><wx w="556"/><wx w="556"/><wx w="889"/><wx w="667"/><wx w="222"/><wx w="333"/><wx w="333"/><wx w="389"/><wx w="660"/><wx w="278"/><wx w="660"/><wx w="278"/><wx w="278"/><wx w="556"/><wx w="556"/><wx w="556"/><wx w="556"/><wx w="556"/><wx w="556"/><wx w="556"/><wx w="556"/><wx w="556"/><wx w="556"/><wx w="278"/><wx w="278"/><wx w="660"/><wx w="660"/><wx w="660"/><wx w="500"/><wx w="800"/><wx w="667"/><wx w="667"/><wx w="722"/><wx w="722"/><wx w="611"/><wx w="556"/><wx w="778"/><wx w="722"/><wx w="278"/><wx w="500"/><wx w="667"/><wx w="556"/><wx w="833"/><wx w="722"/><wx w="778"/><wx w="611"/><wx w="778"/><wx w="667"/><wx w="611"/><wx w="556"/><wx w="722"/><wx w="611"/><wx w="889"/><wx w="611"/><wx w="611"/><wx w="611"/><wx w="333"/><wx w="278"/><wx w="333"/><wx w="660"/><wx w="500"/><wx w="333"/><wx w="556"/><wx w="611"/><wx w="556"/><wx w="611"/><wx w="556"/><wx w="278"/><wx w="611"/><wx w="556"/><wx w="222"/><wx w="222"/><wx w="500"/><wx w="222"/><wx w="833"/><wx w="556"/><wx w="556"/><wx w="611"/><wx w="611"/><wx w="333"/><wx w="500"/><wx w="278"/><wx w="556"/><wx w="500"/><wx w="722"/><wx w="500"/><wx w="500"/><wx w="500"/><wx w="333"/><wx w="222"/><wx w="333"/><wx w="660"/><wx w="222"/><wx w="556"/><wx w="389"/><wx w="1000"/><wx w="556"/><wx w="556"/><wx w="333"/><wx w="1000"/><wx w="389"/><wx w="222"/><wx w="222"/><wx w="389"/><wx w="389"/><wx w="500"/><wx w="500"/><wx w="1000"/><wx w="333"/><wx w="940"/><wx w="389"/><wx w="500"/><wx w="333"/><wx w="556"/><wx w="556"/><wx w="556"/><wx w="556"/><wx w="222"/><wx w="556"/><wx w="611"/><wx w="800"/><wx w="722"/><wx w="556"/><wx w="660"/><wx w="333"/><wx w="800"/><wx w="278"/><wx w="400"/><wx w="660"/><wx w="278"/><wx w="222"/><wx w="333"/><wx w="556"/><wx w="650"/><wx w="278"/><wx w="556"/><wx w="1079"/><wx w="556"/><wx w="556"/><wx w="660"/><wx w="660"/><wx w="1000"/><wx w="222"/><wx w="667"/><wx w="611"/><wx w="667"/><wx w="556"/><wx w="687"/><wx w="611"/><wx w="999"/><wx w="629"/><wx w="722"/><wx w="722"/><wx w="667"/><wx w="692"/><wx w="833"/><wx w="722"/><wx w="778"/><wx w="722"/><wx w="611"/><wx w="722"/><wx w="556"/><wx w="586"/><wx w="814"/><wx w="611"/><wx w="731"/><wx w="671"/><wx w="950"/><wx w="950"/><wx w="675"/><wx w="864"/><wx w="611"/><wx w="722"/><wx w="1008"/><wx w="615"/><wx w="556"/><wx w="580"/><wx w="510"/><wx w="405"/><wx w="553"/><wx w="556"/><wx w="734"/><wx w="489"/><wx w="569"/><wx w="571"/><wx w="500"/><wx w="553"/><wx w="643"/><wx w="558"/><wx w="556"/><wx w="557"/><wx w="611"/><wx w="556"/><wx w="432"/><wx w="500"/><wx w="857"/><wx w="500"/><wx w="558"/><wx w="536"/><wx w="853"/><wx w="856"/><wx w="533"/><wx w="702"/><wx w="506"/><wx w="556"/><wx w="767"/><wx w="516"/></cid-widths></multibyte-extras><kerning kpx1="102"><pair kern="-18" kpx2="102"/><pair kern="18" kpx2="8217"/></kerning><kerning kpx1="70"><pair kern="-55" kpx2="65"/><pair kern="-129" kpx2="46"/><pair kern="-129" kpx2="44"/></kerning><kerning kpx1="65"><pair kern="-18" kpx2="119"/><pair kern="-18" kpx2="118"/><pair kern="-92" kpx2="84"/><pair kern="-37" kpx2="87"/><pair kern="-74" kpx2="86"/><pair kern="-74" kpx2="8217"/><pair kern="-74" kpx2="89"/><pair kern="-18" kpx2="121"/></kerning><kerning kpx1="76"><pair kern="-92" kpx2="84"/><pair kern="-55" kpx2="87"/><pair kern="-92" kpx2="86"/><pair kern="-74" kpx2="8217"/><pair kern="-111" kpx2="89"/><pair kern="-37" kpx2="121"/></kerning><kerning kpx1="119"><pair kern="-55" kpx2="46"/><pair kern="-55" kpx2="44"/></kerning><kerning kpx1="84"><pair kern="-111" kpx2="101"/><pair kern="-92" kpx2="65"/><pair kern="-111" kpx2="99"/><pair kern="-111" kpx2="97"/><pair kern="-111" kpx2="111"/><pair kern="-111" kpx2="46"/><pair kern="-111" kpx2="44"/><pair kern="-129" kpx2="45"/><pair kern="-84" kpx2="119"/><pair kern="-92" kpx2="117"/><pair kern="-111" kpx2="115"/><pair kern="-92" kpx2="114"/><pair kern="-111" kpx2="59"/><pair kern="-111" kpx2="58"/><pair kern="-84" kpx2="121"/></kerning><kerning kpx1="118"><pair kern="-74" kpx2="46"/><pair kern="-74" kpx2="44"/></kerning><kerning kpx1="87"><pair kern="-18" kpx2="117"/><pair kern="-18" kpx2="101"/><pair kern="-18" kpx2="114"/><pair kern="-37" kpx2="65"/><pair kern="-37" kpx2="97"/><pair kern="-18" kpx2="59"/><pair kern="-18" kpx2="111"/><pair kern="-18" kpx2="58"/><pair kern="-74" kpx2="46"/><pair kern="-74" kpx2="44"/></kerning><kerning kpx1="86"><pair kern="-55" kpx2="101"/><pair kern="-74" kpx2="65"/><pair kern="-55" kpx2="97"/><pair kern="-55" kpx2="111"/><pair kern="-129" kpx2="46"/><pair kern="-129" kpx2="44"/><pair kern="-55" kpx2="45"/><pair kern="-18" kpx2="105"/><pair kern="-37" kpx2="117"/><pair kern="-37" kpx2="114"/><pair kern="-74" kpx2="59"/><pair kern="-74" kpx2="58"/><pair kern="-18" kpx2="121"/></kerning><kerning kpx1="114"><pair kern="18" kpx2="102"/><pair kern="-18" kpx2="100"/><pair kern="-18" kpx2="101"/><pair kern="-18" kpx2="99"/><pair kern="18" kpx2="110"/><pair kern="-18" kpx2="111"/><pair kern="18" kpx2="109"/><pair kern="-92" kpx2="46"/><pair kern="-92" kpx2="44"/><pair kern="-55" kpx2="45"/><pair kern="18" kpx2="116"/><pair kern="-18" kpx2="113"/><pair kern="18" kpx2="121"/></kerning><kerning kpx1="82"><pair kern="-18" kpx2="84"/><pair kern="-18" kpx2="87"/><pair kern="-18" kpx2="86"/><pair kern="-37" kpx2="89"/></kerning><kerning kpx1="1043"><pair kern="-190" kpx2="1077"/></kerning><kerning kpx1="8217"><pair kern="-18" kpx2="116"/><pair kern="-74" kpx2="115"/><pair kern="-18" kpx2="8217"/></kerning><kerning kpx1="8216"><pair kern="-18" kpx2="8216"/></kerning><kerning kpx1="89"><pair kern="-92" kpx2="101"/><pair kern="-74" kpx2="65"/><pair kern="-92" kpx2="97"/><pair kern="-92" kpx2="111"/><pair kern="-111" kpx2="46"/><pair kern="-111" kpx2="44"/><pair kern="-111" kpx2="45"/><pair kern="-20" kpx2="105"/><pair kern="-40" kpx2="118"/><pair kern="-37" kpx2="117"/><pair kern="-92" kpx2="113"/><pair kern="-37" kpx2="112"/><pair kern="-92" kpx2="59"/><pair kern="-92" kpx2="58"/></kerning><kerning kpx1="121"><pair kern="-92" kpx2="46"/><pair kern="-92" kpx2="44"/></kerning></font-metrics>