<?xml version="1.0" encoding="UTF-8"?>
<beans xmlns="http://www.springframework.org/schema/beans"
       xmlns:xsi="http://www.w3.org/2001/XMLSchema-instance"
       xmlns:context="http://www.springframework.org/schema/context" xmlns:tx="http://www.springframework.org/schema/tx"
       xsi:schemaLocation="http://www.springframework.org/schema/beans
                           http://www.springframework.org/schema/beans/spring-beans.xsd
                           http://www.springframework.org/schema/context
                           http://www.springframework.org/schema/context/spring-context.xsd
                           http://www.springframework.org/schema/tx
                           http://www.springframework.org/schema/tx/spring-tx.xsd">

    <context:property-placeholder location="classpath*:alphecca.properties" ignore-unresolvable="true"/>

    <bean id="dataSource" class="com.mchange.v2.c3p0.ComboPooledDataSource" destroy-method="close">
        <property name="driverClass" value="oracle.jdbc.OracleDriver"/>
        <property name="jdbcUrl" value="jdbc:oracle:thin:@bro-ln-srv114.corp.alfacapital.ru:1521:prod"/>
        <property name="user" value="user_webapp"/>
        <property name="password" value="{eqL0uflftimcz!"/>
        <property name="acquireIncrement" value="1" />
        <property name="maxIdleTimeExcessConnections" value="240" />
        <property name="minPoolSize" value="1"/>
        <property name="maxPoolSize" value="100"/>
        <property name="maxStatements" value="300"/>
    </bean>

    <bean id="transactionManager" class="org.springframework.jdbc.datasource.DataSourceTransactionManager">
        <property name="dataSource" ref="dataSource"/>
    </bean>

    <tx:annotation-driven transaction-manager="transactionManager" proxy-target-class="true"/>

    <bean id="fopTransformations" class="ru.alfacapital.alphecca.services.xml.Transformations">
        <property name="fopConfig" value="classpath:ru/alfacapital/xml/fop.xconf.xml"/>
    </bean>

    <bean id="fopFactory" class="org.apache.fop.apps.FopFactory" factory-bean="fopTransformations" factory-method="createFopFactory"/>

    <bean id="xslTemplates" class="ru.alfacapital.alphecca.services.xml.impl.XslTemplatesImpl">
        <property name="xslPortfolioReport" value="classpath:ru/alfacapital/xml/portfolio-report.xsl"/>
    </bean>

</beans>