<?xml version="1.0" encoding="UTF-8"?>
<beans:beans xmlns="http://www.springframework.org/schema/security"
             xmlns:beans="http://www.springframework.org/schema/beans"
             xmlns:xsi="http://www.w3.org/2001/XMLSchema-instance"
             xsi:schemaLocation="http://www.springframework.org/schema/beans http://www.springframework.org/schema/beans/spring-beans-3.2.xsd
                        http://www.springframework.org/schema/security http://www.springframework.org/schema/security/spring-security-3.2.xsd">

    <global-method-security pre-post-annotations="enabled"/>

    <http use-expressions="true">
        <intercept-url pattern="/**" access="permitAll"/>
        <form-login login-page='/login'
                    authentication-failure-url="/login?auth-error=1"
                    default-target-url="/login"
                    always-use-default-target="true"/>
    </http>
    <authentication-manager>
        <authentication-provider ref="debugAuthProvider"/>
    </authentication-manager>

    <beans:bean id="debugAuthProvider" class="ru.alfacapital.alphecca.services.TestingAuthenticationProvider"/>

</beans:beans>
