<?xml version="1.0" encoding="UTF-8"?>
<!DOCTYPE log4j:configuration PUBLIC "-//APACHE//DTD LOG4J 1.2//EN" "log4j.dtd">
<log4j:configuration xmlns:log4j="http://jakarta.apache.org/log4j/">

	<!-- Appenders -->
	<appender name="console" class="org.apache.log4j.ConsoleAppender">
		<param name="Target" value="System.out" />
		<layout class="org.apache.log4j.PatternLayout">
			<param name="ConversionPattern" value="%-5p: %c - %m%n" />
		</layout>
	</appender>
	
	<appender name="daily" class="org.apache.log4j.DailyRollingFileAppender">
        <param name="File" value="/usr/share/jboss-as/standalone/log/alphecca-services.log"/>
		<param name="Encoding" value="UTF-8"/>
		<param name="DatePattern" value="'.'yyy-MM-dd" />
		<param name="MaxFileSize" value="10240MB"/>
		<param name="MaxBackupIndex" value="999"/>
		<layout class="org.apache.log4j.PatternLayout">
			<param name="ConversionPattern" value="[%d{HH:mm:ss.SSS}] %p - %m%n"/>
		</layout>
	</appender>
	
	<!-- Application Loggers -->
	<logger name="ru.alfacapital.alphecca">
		<level value="debug" />
	</logger>
	
	<!-- 3rdparty Loggers -->
	<logger name="org.springframework.core">
		<level value="info" />
	</logger>

	<logger name="org.springframework.beans">
		<level value="info" />
	</logger>

	<logger name="org.springframework.context">
		<level value="info" />
	</logger>

	<logger name="org.springframework.web">
		<level value="info" />
	</logger>

	<logger name="org.springframework.orm">
		<level value="info" />
	</logger>

	<logger name="org.springframework.security">
		<level value="info" />
	</logger>

	<!-- Root Logger -->
	<root>
		<priority value="info" />
		<appender-ref ref="console" />
		<appender-ref ref="daily" />
	</root>
	
</log4j:configuration>
